{
  "name": "pobocka-praha",
  "maxX": 20,
  "maxY": 20,
  "trolley": [
    {
      "id": 1,
      "x": 0,
      "y": 0
    },
    {
      "id": 2,
      "x": 1,
      "y": 0
    },
    {
      "id": 3,
      "x": 0,
      "y": 1
    }
  ],
  "content": [
    {
      "x": 2,
      "y": 0,
      "name": "AA",
      "amount": 2
    },
    {
      "x": 3,
      "y": 0,
      "name": "AB",
      "amount": 2
    },
    {
      "x": 4,
      "y": 0,
      "name": "AC",
      "amount": 2
    },
    {
      "x": 5,
      "y": 0,
      "name": "AD",
      "amount": 2
    },
    {
      "x": 5,
      "y": 1,
      "name": "AE",
      "amount": 2
    },
    {
      "x": 5,
      "y": 2,
      "name": "AF",
      "amount": 2
    },
    {
      "x": 5,
      "y": 3,
      "name": "AG",
      "amount": 2
    },
    {
      "x": 5,
      "y": 4,
      "name": "AH",
      "amount": 2
    },
    {
      "x": 5,
      "y": 5,
      "name": "AI",
      "amount": 2
    },
    {
      "x": 0,
      "y": 5,
      "name": "AJ",
      "amount": 2
    },
    {
      "x": 1,
      "y": 1,
      "name": "AK",
      "amount": 2
    },
    {
      "x": 4,
      "y": 4,
      "name": "AL",
      "amount": 2
    },
    {
      "x": 2,
      "y": 2,
      "name": "AM",
      "amount": 2
    },
    {
      "x": 3,
      "y": 3,
      "name": "AN",
      "amount": 2
    }

  ]
}